Symbol,2025-10-01 Daily close,2025-10-01 1W %,2025-10-01 1M %,2026-01-01 Daily close,2026-01-01 1W %,2026-01-01 1M %,2026-04-01 Daily close,2026-04-01 1W %,2026-04-01 1M %,2026-07-01 Daily close,2026-07-01 1W %,2026-07-01 1M %,2026-09-30 Daily close,2026-09-30 1W %,2026-09-30 1M %
BTC,118572.0,0.046743822664795154,0.08560546410063896,88809.0,0.01845183486238522,0.03007562401410402,68084.0,-0.04514536555264159,0.03575014452186087,60010.0,-0.016986911723753884,-0.15965327470557755,83607.0,-0.008996515183841813,0.07659125149692891
ETH,4346.0,0.04685053595086108,0.0078849721706864,3002.9,0.034519585213766524,0.07342269883824848,2138.5,-0.013652506803191744,0.10322946760214613,1608.6,-0.00777202072538874,-0.19846529473317065,2686.6,0.0007077140835103357,0.11131334022750772
HYPE,47.274,0.03532555134578752,0.09674276169265039,24.231,-0.006926229508196546,-0.2186069009996775,36.007,-0.10705783156432891,0.1419193200558162,62.343,-0.02418294515401942,-0.15274115952270928,90.945,-0.033445989032011236,0.13692619261926176
ZEC,120.8,1.0589739219362535,1.9834527043714494,525.5,0.19938832336696044,0.5259749687835757,251.34,0.08443715752685854,0.17872719598555564,417.18,0.001175934147687796,-0.23408239700374522,1438.6,-0.03990923651895362,0.7232457296183605
SOL,221.96,0.049059457415634666,0.1256148891931641,126.84,0.05673581604598854,0.0017374822302953508,81.152,-0.11463140553573581,-0.028759499730716342,77.453,0.13787682905329968,-0.04673230769230763,118.05,0.02634324465310378,0.16042465349454438
NEAR,2.8329,-0.06319444444444444,0.2099688207406143,1.6291,0.1336812804453722,0.001968140722061751,1.1901,-0.06914352757137276,0.03613094201636757,1.8061,-0.08072479258919929,-0.31563790686218784,5.3414,0.2318726937269373,1.9332235035694674
XRP,2.9494,0.008445310630150082,0.06970839982591026,1.879,0.025767005131564602,-0.07397368291360706,1.3467,-0.047460744093931195,-0.003993787441757268,1.0524,-0.019015659955257225,-0.18846391116594696,1.4902,-0.007062899786780319,0.09759151506223773
ENA,0.58064,-0.021536180108523317,-0.07644345474789249,0.21772,0.09089087082874037,-0.10333182323627532,0.090163,-0.1356245805771259,-0.12877572712339358,0.071304,-0.16244978504475294,-0.19727110000337733,0.26501,0.28595690993788825,0.7900033772374202
LTC,115.2,0.0917361637604246,0.06009018128278276,79.927,0.055810942907717154,0.03164891900613109,53.774,-0.05024814991433968,0.011036531483257228,42.686,0.037024440017491944,-0.15984017950282448,67.247,0.08792791043810277,0.40208915391351474
SUI,3.521,0.04723097971566226,0.09969392216878004,1.4717,0.08030536592527349,0.09468908063076453,0.88182,-0.0888689129289234,-0.005806284316267729,0.71533,0.04383545652205645,-0.18636684182988683,1.1652,0.2142939024771513,0.6374367622259696
LINK,22.566,0.04428710259614044,0.002799626716437853,12.61,0.045692014263206016,0.04473902236951122,8.9375,-0.04667683544708856,0.031031897098690697,7.3611,-0.007871150347058431,-0.18697813121272366,14.357,0.16241599870455814,0.28866349519791745
UNI,8.0783,0.021948689403906485,-0.1361308053425726,5.8088,-0.0009287606205496957,0.03752656866772641,3.5652,-0.037473002159827296,-0.04750200374031521,2.7881,-0.0460206665298023,-0.06527423897009521,8.8827,-0.03894965756759383,0.730272513002318
DOGE,0.24919,0.0339405003941744,0.18335074555988218,0.12678,0.02581114976939891,-0.06393975191966927,0.092166,-0.04120590468858909,0.003833837976779053,0.072178,-0.051512523325185855,-0.28607319485657756,0.094577,0.01990704295219503,0.1529702909946482
PEPE,0.009775,0.014214567337621942,0.03428208655168774,0.004924,0.2648343180066788,0.21550234509997535,0.003401,-0.039808018068887674,-0.013058618688334245,0.002323,-0.08145512060102811,-0.3207602339181286,0.004279,-0.012234533702677797,0.2574199235968262
AAVE,286.9,0.030568626746650285,-0.058201752946197116,148.87,-0.0011406333870100926,-0.13058459382117615,98.054,-0.1286412512218964,-0.13624031007751936,83.204,0.03501722872532298,0.03643543143287786,159.51,0.14780168381665093,0.30350576121598416
ADA,0.85,0.04692696144845421,0.06138554517756356,0.35629,0.03862523320895517,-0.07531597934130962,0.24833,-0.08117808117808123,-0.09126504921872147,0.15391,0.04345762711864398,-0.333867128327202,0.24665,0.03482273966855476,0.28023461019412443
BNB,1025.8,0.006772009029345272,0.21323225035777216,863.81,0.04190237253790374,0.04549635690251974,610.6,-0.05697385287803669,-0.011782223085388677,550.17,-0.025005316509534303,-0.2062756979008873,769.19,0.0023586749719826106,0.12341351560560243
MON,,,,0.023743,0.02508418962093084,-0.22779458158519528,0.023843,-0.09757389954960072,0.14481202285494787,0.020054,0.017298229594683523,-0.1106084796877772,0.03188,0.3301623065047774,0.20202096372822553
ONDO,0.9362,0.012119049935675141,0.06471056522233609,0.38701,0.052115050021748655,-0.1633482499945953,0.26997,0.01760271390878243,0.07258641239570918,0.32449,0.03228987720302845,-0.0890741676492055,0.50002,0.21087809366978272,0.45388462433123977
XPL,0.94241,0.1790146624630935,0.3401925510886106,0.17126,0.2872820204449791,-0.07477039438141542,0.10609,0.0546774033204096,0.08763404482171788,0.090848,-0.013754545947999852,-0.023349817243603632,0.094948,0.05433346288379326,0.12900272298124849
LIT,,,,2.6855,-0.21821781025297649,,0.89062,-0.10532713190754117,-0.34508419736745355,2.0738,0.219236874595802,0.5521293316368534,3.9548,-0.25493594574227574,0.12142006465150557
PUMP,0.007014,0.2438375598510374,1.0538799414348463,0.002111,0.21671469740634008,-0.24391117478510038,0.001685,-0.11502100840336138,-0.12285268089536694,0.001384,0.07620528771384127,-0.24618736383442263,0.005934,0.4809084102820065,0.3263299061242737
TAO,319.22,0.02435580656547831,0.030506504826161462,230.51,0.05573875606851697,-0.12955970092893287,307.54,-0.11348764809316536,0.7382997965182005,202.63,-0.07643573381950775,-0.19852068665453682,300.99,0.04677610071642202,0.3220450652259852
XMR,312.69,0.0702697152245344,0.2024688509460082,420.84,-0.05324964567726265,0.03882896003554581,337.9,-0.008887454902766101,-0.009119967156388409,309.11,-0.018823006602336267,-0.10397704214737091,545.35,-0.015915693740187864,0.1156001963832749
ARB,0.43488,0.012384765806872089,-0.08845476649618511,0.20111,0.09180238870792623,0.03863037752414411,0.09433,-0.04340330595274322,-0.05215032154340837,0.07662,0.008157894736842142,-0.2508066881783515,0.20303,-0.05995925548661918,1.4089938300901754
WLD,1.3181,-0.026585924230115965,0.5425214450386773,0.52128,0.08692841802372842,-0.09202069289857351,0.27789,-0.1442165558019216,-0.27642234084103623,0.36102,-0.3190229180420636,-0.17624241317939116,0.53597,0.31921335039873977,0.48176716153824883
AVAX,30.77,-0.04804628283265788,0.3255503381725757,13.582,0.1248033126293997,0.06558920445630001,9.126,-0.05707554967763273,0.010743160925905437,6.6614,0.034619864875359285,-0.25479360107394555,10.946,0.06561526479750768,0.5393918937923663
TRUMP,7.5864,-0.014433257551152878,-0.08995597567266045,4.8865,0.003305683311432217,-0.14628393724448796,2.9462,-0.1018230595695383,-0.13725145685085938,1.6827,-0.005672753057968327,-0.1759952989569561,2.0523,0.04479967418418762,-0.12339825730394682
BCH,592.92,0.0663453410787187,0.08716857970589298,592.76,0.005103857566765457,0.13383959142294244,454.59,-0.039510659426567285,0.030185600652661515,209.86,0.10295895306669478,-0.2844868735083532,306.39,-0.09260794882426115,0.25822348158186514
ASTER,1.6411,-0.2886740930172078,,0.71116,0.05775437657102911,-0.2549397590361445,0.66703,0.005411190160376167,-0.059116427342229216,0.62988,0.02349614897143426,-0.08855704115297802,0.75824,0.0925963284244502,0.11162586131065821
WLFI,0.20571,0.041305998481397044,-0.1185997686276189,0.14669,0.0697148691023115,-0.04211832310304309,0.099746,-0.02267293748775223,-0.07608373471656171,0.057373,-0.00194833434809083,-0.028827273342812543,0.055097,0.01572524150136423,-0.012386176238617597
CRV,0.73288,0.055475545826372485,-0.014469366897961411,0.39332,0.014731302081989694,0.017566553695702813,0.21758,-0.07270712580975103,-0.09975588563862792,0.20527,0.05072686322686315,-0.05007172937202087,0.3945,0.21220501474926245,0.33642738575154985
JUP,0.46293,-0.020357634112792344,-0.026373903716322755,0.19982,0.031701776125568015,-0.12814695231031026,0.15515,0.0012261228704182336,-0.05821294160495316,0.23444,0.07334493178280388,0.158529353627199,0.33001,0.13776935011204983,0.6094123384540358
PENGU,0.031485,0.053150923200428135,0.10547382465503308,0.009485,0.07466576025379568,-0.028076647197458726,0.006534,-0.10676691729323318,-0.024193548387096753,0.006134,0.014219576719576521,-0.19065839820556807,0.009617,-0.014146591491542737,0.11968797298870659
LDO,1.1931,0.07534925642181167,0.029066758668276682,0.60776,0.1211215642870318,0.058483402417360386,0.33428,0.1123386130706776,0.11527041003569893,0.24634,-0.03034835662271207,-0.2596621987137103,0.4578,0.189585282195198,0.29611279408850244
XLM,0.39852,0.06362762891000306,0.11583368332633337,0.20848,-0.006054827175208555,-0.10787795797851862,0.16917,-0.045693010661702615,0.09800739923411417,0.19726,0.06362557963981441,-0.1874279123414072,0.2265,0.1200672534863021,0.29658251760261023
PENDLE,4.8274,0.018825714406314642,0.07135089549257656,2.0335,0.1872372723026623,-0.17708712719032005,1.1329,-0.12069233157404535,-0.09987287462259653,1.4252,0.1327292958194246,0.0015460295151088488,2.3863,-0.033495342243823445,0.3895650148488905
BONK,0.020537,0.015778019586507153,0.015526875339959334,0.008213,0.07177345687067738,-0.06723452583759237,0.005883,-0.05219913001449972,0.009783728115345003,0.004252,0.010936757013789933,-0.23304473304473317,0.003801,0.08105802047781574,0.36236559139784963
PAXG,3869.9,0.03136826395181491,0.10360463126675423,4360.5,-0.034197878136835724,0.026797277886358772,4769.6,0.05972271596160694,-0.12150737664155598,4030.8,0.005187032418952686,-0.10044857059965617,4165.7,-0.02818150005832265,-0.06407692826169986
WIF,0.76494,-0.02894356005788712,0.005547376169944274,0.30137,-0.017346506244090065,-0.12883737064230794,0.18125,-0.04484612141652622,-0.04620323106877866,0.16778,0.12438010990483872,-0.12491524539717314,0.24916,0.06578834801950562,0.3137885578697599
VIRTUAL,1.0886,-0.001192769978897168,0.06173802789427474,0.69863,0.04134806003964875,-0.16351772030651346,0.66071,-0.08711451309826457,-0.03424737626801522,0.54658,-0.011931017028815272,-0.2659414450711792,0.80549,0.1526430268166339,0.209916784330219
OP,0.705,0.034179257738008006,0.048186859751111255,0.29641,0.17623015873015868,0.032679510852524185,0.11002,-0.029463655610444617,-0.0938143480767647,0.09443,-0.0945440598331575,-0.24006116207951067,0.12968,0.05585409542419795,0.5009259259259258
TRX,0.34189,0.011628595100011907,0.014269609588228427,0.28709,0.030547778017086635,0.03754969280809539,0.31536,0.0026069816239586707,0.12447851666963805,0.31564,-0.0362137404580154,-0.08049057593148268,0.33737,-0.013682210203186718,0.0035994764397906387
FIL,2.2932,0.029726088908846204,0.004599816007359703,1.484,0.22502889219085342,0.0029059944583360586,0.83648,-0.09766779573256235,-0.13191295052875185,0.73511,-0.0192779764128288,-0.23065410779696494,1.0427,0.11380533242180824,0.5809024197950148
KAITO,1.4355,0.38762687288545195,0.42807401512136867,0.51773,0.07015440583724342,-0.18069028817394872,0.40882,0.008834271049254827,0.2500229322733527,0.6175,0.4332799480073348,0.33395260417791817,0.35064,0.07522001778540988,0.18231783390093415
PONS,,,,,,,,,,,,,0.55478,-0.12222521082859983,
ZRO,2.1766,0.006846146729577285,0.19804051078819906,1.2845,0.03966005665722383,0.032058492688413986,1.9622,-0.08594587040573909,0.0966912586630897,0.81451,-0.05785802690479225,-0.28626883981773577,1.7443,0.162634139838699,0.6930020382412889
FARTCOIN,0.63137,0.023339870658216633,-0.12042183864811018,0.2907,0.0010675298736182448,-0.09334747216417683,0.16962,-0.11752770407366941,0.10552043277064449,0.13585,0.11489536315141557,-0.11555989583333326,0.17721,-0.03966834661030727,0.013497283385759173
ICP,4.489,0.04298327137546454,-0.04346899637758361,3.0007,0.007115287799966508,-0.19092428817946505,2.2722,-0.05877966944202795,-0.03976672442209339,2.1457,-0.018525295032476352,-0.27421864429711806,3.335,0.14184955661314058,0.42041824609225253
STRK,0.15903,0.2912471581682363,0.3123452714969468,0.08243,0.05951156812339353,-0.3062031815503745,0.03478,-0.04816639299397929,-0.1341797361214837,0.02972,-0.03600389231268242,-0.22422344035499864,0.04315,0.12780972294824888,0.7455501618122979
HBAR,0.22429,0.013144818863492613,0.04520247914627884,0.11431,0.050546824740373086,-0.14162348877374797,0.088361,-0.06658286148905601,-0.0874908347360921,0.0719,-0.04848869832195224,-0.22097621756324826,0.10477,0.1574749215608291,0.42664560581715194
SHIB,0.012387,0.021608247422680416,0.02397288583946433,0.007467,0.05704983012457521,-0.06264122520713045,0.006002,-0.020081632653061177,0.08554892385603186,0.004277,-0.023069894929191315,-0.22616247512212762,0.005761,0.02181624689606232,0.1617261544666262
VVV,1.9662,-0.04437424058323214,-0.2523670101524773,1.6194,0.1687355658198615,0.7116583870626783,6.8586,0.04090088175926909,0.08709641628758469,13.299,0.004532064355313725,-0.280785246876859,27.778,-0.08147609285100199,0.6430852951614812
USELESS,,,,,,,,,,,,,0.23811,-0.19229986431478974,
CASHCAT,,,,,,,,,,,,,0.16883,0.08705170304552179,-0.1706945672462914
MORPHO,1.8402,0.05953477660064488,0.013884297520661226,1.1021,-0.016069993750557954,-0.2007397200667198,1.528,-0.10386487596035421,-0.12224264705882348,2.0701,0.2012418035165091,0.0019845111326235454,2.4973,-0.028892518276559365,0.02638609181702356
APT,4.8701,0.14915054270882466,0.15690326871911808,1.8629,0.17082521525988303,-0.002302913453299027,0.8898,-0.15818353831598853,-0.03961144090663782,0.5857,-0.07075995557670944,-0.3783697728720017,0.7701,0.022437599575146017,0.4878284389489955
DOT,4.1224,0.032742941603827846,0.11703021270830494,1.9955,0.1853281853281854,-0.020661562622693253,1.2543,-0.0769740231069247,-0.1815334420880914,0.82724,-0.06667870117562114,-0.2858154191487525,1.2235,0.11136342992097381,0.4928560098588284
SEI,0.29774,0.021721972478638385,0.08210067236053065,0.11617,0.08590390727238728,-0.05591223080048768,0.054094,-0.1163276974597729,-0.21106670944783124,0.047314,-0.14452058509772725,-0.3415808516559977,0.073628,0.24546238814554178,0.6750005687376299
POL,0.23847,0.06156517094017078,-0.1222393992932862,0.10626,0.034865601869886964,-0.11124121779859486,0.092685,-0.054813379563532494,-0.11728571428571422,0.071233,-0.03085672303778164,-0.24332908434246858,0.11396,0.12486427795874055,0.1727416798732173
EIGEN,1.519,-0.1546552395792754,0.33280687900324657,0.3825,0.01972807251399633,-0.24763965381589292,0.1628,-0.18232044198895025,-0.08641975308641969,0.1954,-0.17203389830508475,-0.12728896828941494,0.2455,0.05274442538593482,0.331344902386117
MEGA,,,,0.22913,-0.0037826086956521676,-0.30111331401555586,0.12944,-0.07575865762227785,-0.08367549200056634,0.045145,-0.10866947027581986,-0.23727381777019385,0.041875,-0.04215654878997199,0.13979694602466042
ZK,0.054712,0.08156406911003033,-0.0002558199027884456,0.030871,0.11896045525390564,-0.10601760685740769,0.017471,-0.08547948073701839,-0.056692403217968756,0.009924,-0.06111636707663193,-0.3030898876404493,0.012148,0.08561215370866848,0.3355321020228672
BERA,2.8613,0.0479416935247583,0.22429506653544995,0.66249,0.09453632263287459,-0.2608860575903963,0.43226,-0.15364282497601478,-0.27649175663235426,0.20277,-0.021521980408242047,-0.44221934915962924,0.25359,0.1577866045747156,0.5378411158277743
CHIP,,,,,,,,,,0.029816,-0.03548668844822567,-0.2397756246812851,0.04326,0.028310632532268398,0.12448337708923618
GRAM,,,,,,,,,,,,,1.4992,0.06085479762241719,0.1204783258594917
AXS,2.227,0.009062075215224397,-0.0429737859905458,0.869,0.054611650485437035,-0.14130434782608692,1.1319,0.0057757241869556,-0.10237906423473431,1.0075,0.00418618558756112,-0.142188165176671,1.1564,0.11967467079783134,0.32327867351726214
TIA,1.4528,0.0028301235590528773,-0.0639778364796082,0.49848,0.13771853745378193,-0.11540167876346463,0.29693,-0.10298471391456698,-0.06795781279427449,0.35633,-0.04415354489122569,-0.10895223805951493,0.44258,-0.03891422366992414,0.36203606819720546
JTO,1.6474,0.0045121951219513345,-0.10022393358457593,0.4224,0.16601336056975646,0.015286991635419689,0.27326,-0.1803839232153569,0.03723666729929764,0.76944,0.1271038715631272,0.3219937116643472,0.53012,0.17467703693855396,0.1609145059565522
CC,,,,0.15864,0.6130147432638535,0.9891414743019071,0.14255,-0.0027284175178396985,-0.11946383346716904,0.14085,-0.06845238095238093,-0.08580515350165518,0.12629,0.14725654069767447,0.08823782852218875
PYTH,0.15728,0.029791134682118692,-0.028536133415688614,0.062008,0.05414548730938584,-0.0821516326711863,0.039207,-0.024992539540435676,-0.18148225469728596,0.037642,0.1147900254694072,-0.11292831220247912,0.0772,0.23389700476297048,0.6355932203389831
ATOM,4.1325,-0.0040728780064587244,-0.05904185072179968,2.0662,0.05677168576104741,-0.08773014261115286,1.6744,-0.050955052995522276,-0.06749832924927601,1.537,-0.06786342410091584,-0.1927944960873904,1.7427,0.028202253820284184,0.19682714099306375
ZEN,9.309,0.3488567537021474,0.3419538987155646,9.3415,0.2064756935475538,-0.049346657982577535,5.489,-0.030828448336746916,0.04490681692714782,4.0468,-0.025031922326354428,-0.29929181168077845,7.3321,0.022522522522522515,0.3946777752415733
LINEA,0.02671,-0.04828077676821663,-0.38030717832119154,0.006703,0.012231954092419173,-0.268071631360559,0.00303,-0.06797908335896641,0.0036435905929115275,0.002352,0.00857632933104635,-0.2599118942731278,0.002927,0.05363570914326843,0.19566993464052285
PROVE,0.75866,-0.03976812474686109,-0.1014969918044436,0.4154,0.08332246707523794,-0.0313855337406147,0.22439,-0.2603665370162831,-0.2305661283132736,0.19265,-0.001606550580431243,-0.08601385330676536,0.24192,0.04519139376134107,0.4019471488178026
INJ,12.616,0.017337311507136466,0.013007868957764401,4.5369,0.02157123235234537,-0.12909356163857633,2.8671,-0.06863955301455293,-0.04343909518566702,4.4868,0.05393216198440287,-0.35795543980653377,7.415,-0.0511107698607699,0.48638896684440525
ETC,19.555,0.051853047173363365,-0.04549226338653778,12.051,0.03530927835051534,-0.07035408470261506,8.1899,-0.055342168702492645,-0.03223557493471352,7.0009,0.0034543056988876053,-0.13360559371326042,8.8987,0.018088003111914386,0.24037523347550938
RENDER,3.5488,-0.0240360816236731,0.06583373378183555,1.3811,0.12257173047224268,-0.11598284580426299,1.7604,-0.0520193861066236,0.3174674449932644,1.4999,-0.05039569484013917,-0.29393211881560977,1.9134,0.10377848283818869,0.3691592128801431
ETHFI,1.4331,-0.13564535585042214,0.39528770324213824,0.74101,0.11685356001688074,-0.004286482128460167,0.46497,-0.1699484085188424,-0.07067335558531385,0.3196,-0.060939060939060874,-0.1740108029876205,0.78632,0.21112052368117062,0.502646715970112
DASH,31.18,0.4756270705158543,0.37054945054945043,43.32,0.14180284659989462,-0.10329124404885126,31.596,-0.0725607608312786,-0.009467678224340026,33.127,-0.018226542587872485,-0.16303688731682653,60.604,0.05200666574086932,0.4496137010548471
SPX,1.1174,0.05087933791027943,0.03886203049460768,0.50301,0.06916487767551582,-0.17956287718153652,0.27385,-0.08947333421997616,-0.13856558666247254,0.35112,0.017120013904579734,0.06024096385542155,0.44546,0.03309445951900547,-0.1751046257546015
SKY,0.070811,0.058681936429147985,,0.060698,-0.1082085714705493,0.17436056185427384,0.076732,0.05061956596152517,0.15014614404556692,0.05274,-0.012840190169580379,-0.21643786771260476,0.077706,0.10831241442263817,0.12338985991239104
STBL,0.33654,-0.4106542448865228,,0.064138,0.5201099708482448,0.06559229107825226,0.031549,-0.13152751397032503,-0.18857539672333523,0.024672,0.02705852968112543,-0.2903207248669638,0.026045,-0.0193531382958696,0.015795631825272993
POPCAT,0.23152,0.0462762111352133,-0.01552068716247812,0.08335,0.06392484235786688,-0.12437361459832552,0.047867,-0.10356387062943606,0.03619439333261165,0.041491,-0.10521889152469277,-0.22987972381023092,0.052354,-0.06705632874173606,0.010870614585545724
MOODENG,0.1538,0.011309836927932748,0.2193768334258306,0.073796,0.06859352148163178,0.023835289547434746,0.046594,-0.06600918074849171,-0.03653770600277095,0.040393,0.07225717395343878,-0.1963351306181732,0.047109,0.050977155095484505,0.21130852896557029
S,0.28115,0.12468997519801595,-0.061206090556965465,0.080673,0.1304122411232238,-0.15161426017457147,0.04551,0.04840010136146877,0.15972682330156474,0.022977,0.10016758439071105,-0.43047293277810816,0.040695,0.015623050238338987,0.4773469832280548
AVNT,1.1934,-0.46046385460463857,,0.34687,0.02406117146905995,0.05730484347852616,0.13016,-0.0993010864300049,-0.2393197358424406,0.090031,-0.13689003930591503,-0.3474122934183821,0.12851,0.17468007312614264,0.34464068974176554
ZORA,0.051665,-0.1671771229608614,-0.2792673399921879,0.037009,-0.06254116216626981,-0.17165047674470657,0.014011,-0.14347719770143064,-0.21104791936482914,0.007077,-0.018582720843156375,-0.3234872383137367,0.007954,-0.08385164708592507,0.025132104652661358
AERO,1.094,0.023386342376052527,0.0115580212667592,0.47094,-0.00948575034178134,-0.21028272462018305,0.32563,-0.031036124501577222,-0.037110414572121386,0.46948,-0.0860991610052364,0.16268357314445625,0.82484,0.24350238195742624,0.7151649996880913
AR,5.9419,0.0021926495640001153,-0.022006057014944957,3.7559,0.12428532942197745,-0.0495963966699563,1.7138,-0.07929515418502198,0.11932597478936713,1.9583,0.04109516214779374,-0.14181164818791359,4.1078,-0.04742248915891745,1.003804878048781
GRASS,0.78478,-0.1301099583222487,0.09704204875866695,0.29896,0.028308052144601525,-0.03837370130914475,0.28386,-0.17403322955160472,0.10112882578843241,0.46711,0.027948328601923533,-0.07680297250825152,0.69774,0.546272493573265,0.9504109129535416
MET,,,,0.26387,0.100100058367381,-0.11793414674912261,0.13452,-0.05995807127882602,-0.24807154835103407,0.17801,0.1712725358599816,0.3432689405372775,0.3164,-0.07824972324185742,0.6931556697169154
2Z,,,,0.12409,0.04770347855454249,0.14706969865039765,0.076468,0.0010210760570754651,0.05297365775739782,0.064405,-0.01110121606682224,-0.26175765981591215,0.059848,0.16399564337949268,0.1490889541693068
CAKE,2.5846,-0.07205686999605065,0.08337175671710617,1.9874,0.10374319671220711,-0.12143583395959512,1.3998,-0.02987039988911233,0.0790934320074006,1.3358,0.019539001679133028,-0.072618717023049,2.5957,0.013074701428460012,0.43369235017950847
SYRUP,0.40651,-0.008850636368069487,-0.0973665512034817,0.37051,0.1089461554577833,0.49122595186347917,0.21112,-0.09847126142283713,-0.08606060606060606,0.14987,0.19161962312157121,-0.0370727319455153,0.22631,0.13081497026932487,0.3047564139521477
STX,0.60498,0.016721845957346604,-0.005997075398846641,0.26326,0.0766399476525439,-0.06652010495709526,0.22366,-0.07685322767046388,-0.11495389972695969,0.16518,-0.03774903879762326,-0.29407239625625026,0.37128,0.20525888654439228,0.5887714493559844
DYM,0.18274,-0.028960093522503727,-0.09161405776209164,0.07036,0.044071820744917556,-0.19237832874196503,0.02431,-0.18422818791946316,-0.32038020687727153,0.01531,-0.08814770696843355,-0.21001031991744068,0.01933,0.08717660292463436,0.31407205982324937
MNT,1.8991,0.09787258642617647,0.6841965235899257,0.97502,-0.05594500387296664,-0.00018457752255940374,0.70078,-0.05392050977427376,0.10287845642970672,0.42299,-0.15911575850346904,-0.3356317145190677,0.69848,0.06838796518653356,0.2753665528511695
AZTEC,,,,,,,0.01976,-0.07155946060235874,-0.08007448789571692,0.013055,-0.052268602540834874,-0.40624005093919136,0.017468,0.136869508623495,0.3285670824459994
ALGO,0.22072,0.037608123354644585,-0.030398875417325666,0.12012,0.04707112970711291,-0.076213181573483,0.10248,0.17299636014010034,0.19667900557002227,0.084434,-0.0593464867815644,-0.2983129726585225,0.12404,0.18891977379468994,0.4666445952656846
APEX,1.7016,,,0.51804,0.15140469416785196,-0.024994353685161563,0.27077,-0.03541020982508636,-0.0754916689429117,0.27809,-0.016620106793026612,-0.1373309343591016,0.27147,0.17326475927046414,0.047782623798680035
ENS,21.127,0.008978461244567582,-0.04316123188405796,9.7948,0.055110306790761676,-0.08382751847348235,5.7212,-0.06485779666557712,-0.03574739183928011,4.0919,-0.05796901259295073,-0.2963077610964935,7.0069,0.037890121609811755,0.2519699108403166
APE,0.5585,0.03903110581931846,0.01534378067847153,0.21379,0.07952938800242393,-0.09617823623911381,0.08856,-0.014905450500556139,-0.12168997322225528,0.13983,0.07404562562408801,-0.050712830957230004,0.15078,0.024251069900142586,0.13933806861115294
STABLE,,,,0.014706,0.3561416451493915,-0.4306620209059233,0.027703,0.04111390882784005,-0.13722009405462643,0.034539,-0.01367867953623847,-0.11486122856923198,0.02772,0.03828002097535399,0.056442699798010754
FLOKI,,,,,,,,,,,,,,,
BIO,0.15355,0.10134844355185768,0.0901668441604544,0.045926,0.09010206503679097,-0.10105893636594965,0.016727,-0.0802771210205091,-0.18057120462450404,0.029845,0.04196487798065851,-0.05568739123556399,0.031096,0.09639658698258224,0.188412443629137
IO,0.54354,-0.04068197462009571,0.005512801539144574,0.15969,0.09092772236644331,-0.20761176995980746,0.10515,-0.09447123665173962,0.0005709391949757503,0.15616,-0.1149399229199729,-0.06524601939422958,0.1631,0.10463934981374856,0.2940336401142494
0G,2.7569,-0.44733782375110265,,0.97621,-0.05369329197363326,-0.15938172737449408,0.51337,-0.020790813893604487,-0.17171668280090358,0.20457,-0.10370662460567825,-0.5132067390062821,0.31133,0.26438695528570855,0.8941956680457532
HMSTR,0.000652,0.007727975270479082,-0.0015313935681470214,0.00022,0.08910891089108919,0.0185185185185186,0.000137,-0.05517241379310345,-0.09868421052631582,0.000186,0.23178807947019853,0.08771929824561386,0.000172,0.005847953216374213,0.0117647058823529
DYDX,0.6133,-0.014794943053123677,0.061439944617514675,0.18404,0.10581025055578941,-0.1605163526889568,0.09902,0.12458830210107896,0.0946274596506742,0.1435,-0.041288081239978736,-0.18018738574040227,0.14431,0.13656769315586348,0.35821176470588223
CFX,0.14883,0.020991973657130902,-0.15528690618082763,0.074649,0.03682046723520083,0.058475717830556384,0.054094,-0.11740903899494204,0.1543747332479728,0.043992,0.004842393787117594,-0.1726005755233312,0.055346,0.07037731835148042,0.2547268193153478
BLUR,0.077874,0.014103215220533594,0.05327652667883953,0.029461,0.06491957346828126,-0.14275322256816136,0.022259,0.1578755722014149,0.13688135246948274,0.01478,0.00564741103626587,-0.30727409073865775,0.021144,0.09248734111811507,0.3583451111396634
ORDI,8.1622,-0.02567653062442543,-0.00648773659545987,4.5125,0.15003313114837669,0.2647850215819272,2.3083,-0.04449871678119044,-0.03102174460582663,3.4146,0.09794212218649534,-0.14871232330283457,4.6319,0.04479732930322777,0.2147334190029111
NOT,0.001609,-0.00801479654747228,-0.07047949162333911,0.00057,0.10465116279069764,0.06343283582089554,0.000361,-0.057441253263707526,0.03735632183908044,0.000372,-0.03626943005181349,-0.23298969072164954,0.000495,0.06451612903225801,0.22222222222222232
NIL,0.30934,-0.01181957577306414,0.20286192013065274,0.075721,0.12842942938467727,0.004150753235730775,0.033196,-0.13253893592557753,-0.2949322458689094,0.034855,-0.01061625365465968,-0.477686866870467,0.086381,-0.316227341090794,0.6912910678623174
FET,0.59349,0.0028048595035736756,0.00472320975114271,0.2134,0.06100531994232594,-0.07591044905382582,0.23997,-0.07218527683266318,0.5956513066028326,0.17794,0.026892890120036927,-0.3516487520495538,0.22908,0.1788801976121861,0.542107034668462
SAGA,0.2149,-0.017195646208725823,-0.05542613511493988,0.06137,0.07591164095371661,-0.13233422875724588,0.02845,-0.0907638223074464,-0.01557093425605538,0.01295,-0.050586510263929574,-0.2809550249861189,0.02502,-0.47755272499477974,0.7078498293515358
COMP,43.069,0.03643364216099143,0.020157278885783336,25.358,-0.011345471558345421,-0.2566034417050218,16.84,-0.1385748631643562,-0.04209328782707611,15.619,-0.060285181397027765,-0.13367352598591165,24.776,0.1356802346901358,0.3736970503437569
SKR,,,,,,,0.017985,-0.10281352888356776,-0.1652355534926897,0.008628,0.09561904761904771,-0.36173990235241904,0.018013,-0.1243923779895002,-0.2483308295776998
KAS,0.079962,0.01492650978600274,-0.03002292659849326,0.044741,0.026358047348137292,-0.1388177776066829,0.032015,-0.16960626653524913,0.0900578821927136,0.030832,0.10311270125223615,0.012179508223630231,0.043556,0.1301211696634752,0.6090731094610069
ACE,0.4661,-0.050519454063964075,-0.0562866977120875,0.2818,0.05070842654735275,0.3217636022514072,0.1174,-0.09203402938901772,-0.23217789404839762,0.0777,0.021024967148488782,-0.34650967199327165,0.1857,0.012540894220283594,0.08153756552125802
RUNE,1.202,0.01520270270270263,0.05336955569187629,0.56971,0.04849455241460565,-0.06747090501366759,0.40932,-0.03514602927657162,0.044103767568808516,0.3891,-0.0385945839098637,-0.056246816561158375,0.80104,0.3106878722429478,0.7522859517871987
POLYX,0.12022,-0.03839385698288278,-0.05278915852505528,0.057271,0.11949255248445989,-0.07083407693430888,0.045722,0.0045038117626381435,0.09236429663608559,0.035311,0.0013328039927407165,-0.2747494249096286,0.043334,0.04028231227194157,0.3088284152345284
INIT,0.32344,-0.0035736290819470273,0.03663344123585777,0.090442,0.0010515014333625228,-0.10841876971608844,0.078356,-0.048973795681567234,0.03928694591081516,0.057311,0.073018666566812,-0.20618585259775335,0.10387,0.16797103404848657,0.9134199134199135
PNUT,0.21611,0.011750936329588013,0.11684754521963825,0.0762,0.09719222462203025,-0.060998151571164505,0.04052,-0.05964260849385017,-0.06420323325635102,0.04137,-0.004092441020703053,-0.2416131989000917,0.05411,0.0230667422953299,0.1301169590643274
SAND,0.27857,0.018090782837511865,0.03773655192966752,0.11684,0.05795001810938061,-0.17497528597655698,0.076661,-0.06038878266411707,-0.06989638688699606,0.047545,-0.05184963605543935,-0.31203877875850106,0.04386,0.08887785501489565,0.17348030821917826
MELANIA,0.18289,0.06010897287271044,-0.04065253881661779,0.11771,0.03481318681318668,0.0163184251424624,0.11246,-0.07880078636959365,0.034210042302740495,0.07467,0.00837272113436871,-0.21350326522013896,0.10353,-0.004423502259832679,0.008376351417161754
BOME,0.001695,0.0017730496453900457,-0.06146179401993368,0.000594,0.05506216696269983,-0.09451219512195119,0.000388,-0.0717703349282297,0.0237467018469657,0.000422,0.04975124378109452,-0.19311663479923524,0.001004,-0.022395326192794607,0.10939226519337009
FOGO,,,,0.17802,0.6701379116239798,,0.016622,-0.14972632871246605,-0.34256219594193726,0.00893,-0.23961171662125336,-0.3886492777435476,0.005363,-0.15128976103813896,-0.2578189869914199
SUSHI,0.70506,0.04475002222683222,-0.0306854738926009,0.30498,0.08171951479038064,-0.10336920091726942,0.19516,-0.03309552120491477,-0.011547811993517065,0.15102,0.004991016170892371,-0.2811652149078967,0.27168,0.10456984875589503,0.4389068375615697
SNX,1.2728,0.389944524527148,0.9322322079183871,0.44785,0.06359987650509424,-0.12454062084603956,0.28051,-0.0634056761268782,-0.09600386722526599,0.21293,-0.027894448502556624,-0.263167001176552,0.25338,0.09564991784139054,0.24449901768172877
W,0.11255,0.06289545755028803,0.4461004753950919,0.03465,0.02849510240427433,-0.1361256544502618,0.01491,-0.10665068903535058,-0.18569087930092842,0.00926,-0.058943089430894324,-0.3011320754716982,0.01353,0.20803571428571432,0.5016648168701443
TRB,33.15,0.03603462824639814,0.033482977927422386,21.251,0.08895721240071741,0.08678531246803733,15.03,-0.061797752808988804,0.0870036884356693,13.575,0.026930932748316705,-0.1997759962273049,21.186,0.12967900181294656,0.2787300820859486
REZ,0.011953,-0.001837160751565703,0.044386194844910465,0.005157,0.1220626631853785,-0.1495712401055409,0.003363,0.008093525179856176,0.22826880934989058,0.003055,0.030006743088334398,-0.2423115079365079,0.004779,0.29512195121951224,0.696485623003195
GALA,0.015424,0.0135366013930871,-0.009949290711855796,0.006295,0.05603086730414364,-0.06864920846279032,0.002928,-0.06959008579599624,-0.1581368602645199,0.002307,-0.017461669505962396,-0.26199616122840685,0.002318,0.2161594963273874,0.4099756690997567
HEMI,0.097681,-0.4318229409027454,1.9485043315524164,0.017373,0.17432743003920503,0.2529208135006491,0.006478,-0.019376324553436186,-0.21412107242508793,0.00522,0.09686909014498846,-0.2889252145484267,0.006376,0.05510508025814986,-0.5365605465910743
YGG,0.17098,0.07629359184187323,0.14898192325784554,0.067191,0.04881056443556453,-0.08187693863328915,0.035134,-0.09146388766776137,-0.07131528864453374,0.022237,-0.030053214690744068,-0.40388172533040245,0.026657,0.029824222522696564,0.24950782788037884
IMX,0.69962,-0.04172145518299353,0.40533917200650826,0.25565,0.12526959813372063,-0.09769526700314135,0.13924,-0.08298208640674398,-0.13089070594844265,0.11896,-0.11303310468237393,-0.27228237597112626,0.16713,0.14763441598571725,0.3608826642781533
PEOPLE,0.017425,0.024638362930730295,-0.014311573707432967,0.010257,0.14808596373404992,0.10671126456624958,0.006509,-0.067077540490182,0.05187459599224309,0.005036,-0.03929797787104172,-0.22439550284922227,0.009396,0.10126582278481022,0.230164964650432
ME,0.60573,-0.17300839647757538,-0.07943768996960487,0.20704,0.030357320593211945,-0.32827201349685287,0.09992,-0.06921285514671638,-0.13211152610092936,0.05944,-0.009003001000333466,-0.287717195925704,0.07622,0.043966579920558635,0.28079314400941
UMA,1.2387,0.004378496716127334,-0.07903345724907063,0.72944,0.03747742109829466,-0.05729092624423271,0.40919,-0.035020281105555995,-0.011785446905112629,0.38746,-0.008419705694177715,-0.12556984879259758,0.41253,0.06138883886073021,0.14119339400813313
MERL,0.29115,-0.10794166309210118,1.4038143989431968,0.28605,-0.36298853134394826,-0.3319554403419043,0.023468,-0.17679247930405495,-0.40187582832092983,0.018708,0.05533931291250638,-0.3889269965703087,0.031512,0.07622950819672125,0.5788366150608746
MANTA,0.18689,0.001929984452903044,-0.029041978387364997,0.079,0.11298957452803604,-0.1686835736083342,0.06105,-0.09057053478325627,0.0169915042478761,0.05885,-0.3094344050692326,-0.2483075744028611,0.06848,0.015270570793180172,0.20968026850379795
GMX,15.75,-0.11966910737242176,0.10915492957746475,7.9161,-0.06261767457281919,-0.033065422387257515,6.4061,-0.02464981729598037,-0.0491309317065205,5.5905,0.045226788318438294,-0.19292901586568312,7.9235,0.0018840249854588098,0.03788166564059581
NXPC,0.52284,-0.15354228726848862,-0.21575568488630237,0.37476,0.0031317754757889116,-0.14842755862570456,0.27979,-0.04560649474689582,0.04243666169895666,0.26867,-0.05009899589874123,-0.3735981907626308,0.23175,-0.04817644159684564,0.14156938081867887
ANIME,0.014573,-0.015670381627828522,-0.032786885245901676,0.007222,-0.16730081863253776,0.22117010483598243,0.004595,-0.09333070244672448,-0.04171011470281538,0.002705,0.04844961240310086,-0.30871454127268083,0.003346,0.012711864406779627,0.23834196891191706
HYPER,0.26211,-0.11284481299712301,-0.08263334733305328,0.12295,0.006796593514575733,0.011185130356114792,0.083607,-0.08254233010347967,-0.08097918086486244,0.078826,0.08057794593409007,-0.14041133235916348,0.072546,-0.0007850915251436108,0.15533825965091097
LAYER,0.41788,-0.061745026718757035,-0.17267867748960608,0.17215,-0.08939434012166092,-0.10761494997667309,0.079887,-0.06705672143783059,-0.1298375940832398,0.064243,-0.04946290651910157,-0.22027624041169058,0.078319,0.04830678624012852,0.1960751374465486
GMT,0.039624,0.017565485362095457,-0.02377491438567103,0.015376,0.08175038694245118,-0.01017123728595326,0.010137,-0.043949825521078845,-0.11744732718091588,0.007437,-0.018994855559952506,-0.2918491715863645,0.008617,0.05445423396965232,0.27376201034737613
MOVE,0.1112,-0.04590304590304595,-0.04137931034482767,0.035076,-0.042737841820861266,-0.23373020207536865,0.018576,-0.057247259439707654,-0.1348330305994132,0.011134,-0.0006283098465128534,-0.2514454753260723,0.009258,0.025476295968099416,0.1500621118012424
TNSR,0.10175,-0.005181853734845587,-0.06856462834126698,0.07949,-0.0522236795039942,-0.31873500171408986,0.03851,-0.06935717738037694,-0.13770712046574107,0.03388,-0.08629989212513489,-0.09314775160599564,0.03912,0.07090062961949095,0.04682900722504679
XAI,0.04191,-0.03388658367911479,-0.08112256084192049,0.01708,0.1356382978723405,-0.0005851375073141485,0.00912,-0.09970384995064174,-0.003278688524590234,0.00719,-0.013717421124828433,-0.2802802802802803,0.00938,0.18734177215189862,0.2831737346101231
MINA,0.16318,-0.008144906394359386,-0.06433486238532116,0.078988,0.036737586790744015,-0.20286608134019568,0.059175,0.019432528812858507,0.055320742603391926,0.039959,0.01187642441124348,-0.29012257949902287,0.14429,-0.013064295485636035,1.2610671472224402
GOAT,0.083701,-0.0023956520702725914,0.09541944771626731,0.035355,0.12359372020593651,-0.05222100099187743,0.017229,0.0055445313411930375,-0.042460957038848335,0.013455,0.07994221045027694,-0.19072536990256217,0.018878,-0.012760171530174724,0.23660421852482627
ZETA,0.16634,-0.04231677125914002,-0.07124511446119497,0.0715,0.06256501709020634,-0.13751507840772026,0.04775,-0.12976125387279025,-0.09649952696310315,0.03514,0.02210587550901688,-0.2957915831663327,0.05216,0.04111776447105786,0.618367980142724
GAS,3.0328,-0.0007248764415157538,-0.05431867789211098,2.041,0.1203205620814578,-0.028973785622532056,1.6216,0.011098640728270492,0.021802142407057357,1.0358,0.014296905601253407,-0.28074439275050334,1.4336,0.018254137367710754,0.1639197856620931
RSR,0.006905,0.1791325136612021,-0.03074115665356547,0.002633,0.11520542143159673,-0.12583001328021248,0.001491,-0.16188870151770662,0.026859504132231482,0.001077,-0.1418326693227091,-0.3256105197244833,0.001704,0.04668304668304657,0.2850678733031675
SUPER,0.60326,0.12860136196961758,0.09554163261599946,0.21179,-0.0031535347830180527,-0.07068889863975425,0.10457,-0.08680464588245573,-0.06683919328930943,0.086242,0.005151515151515129,-0.2344931652760518,0.19848,0.13036049888945844,0.8715700141442715
CELO,0.26774,0.0024711696869852418,-0.10717620381485926,0.1163,0.013331009845778619,-0.2561084815146476,0.081149,-0.00912132460681836,0.051207316441266304,0.066301,-0.00778198470540703,-0.1195320177418926,0.10026,0.12575791601167752,0.3841948310139165
NEO,6.0879,0.021408318373236312,-0.05338039557158836,3.6331,0.034894320059249084,-0.09828497679382475,2.7795,0.009039424961881926,0.07841235353456977,1.9158,-0.04885314268692298,-0.28557577565632464,2.5418,0.02413473548491063,0.26394828443560403
IOTA,0.17842,0.045776918117343524,-0.030642181897207466,0.084883,0.03201215805471125,-0.14226672864331757,0.058784,-0.01279682934202131,-0.10572915081997136,0.037408,-0.06792245975980482,-0.35154624878657614,0.053791,0.15863955542153096,0.36938978131921263
USUAL,0.05387,-0.023386511965192147,-0.09370794078061906,0.02662,0.08211382113821153,0.07686084142394822,0.01274,-0.046407185628742575,0.06700167504187604,0.00928,-0.0021505376344085336,-0.2932216298552932,0.01358,0.046224961479198745,0.23792160437556964
BRETT,0.043602,0.025905272817110303,-0.007036961125913677,0.014922,0.06032828821146863,-0.030094247643808858,0.006132,-0.11348850657799625,-0.10988532443025112,0.005161,0.0015524936929944833,-0.25300332899117095,,,
ALT,0.027865,-0.03989939013885535,-0.09411573472041612,0.012458,0.09070215373839963,-0.0033600000000000296,0.006321,-0.0940232191486311,-0.11047002533070649,0.005821,0.0025835342748878887,-0.1665234822451317,,,
BIGTIME,0.049454,0.0007284795013962064,-0.027816548388999163,0.020479,0.06213370675794838,-0.0968069154097203,0.012545,-0.045644731837200414,-0.09624666810748495,0.007257,-0.056429593030815184,-0.3755807950438823,,,
AIXBT,0.095958,-0.020326904817813296,0.012193835573089284,0.040139,0.3766977637536013,-0.01586328642181145,0.023329,-0.09846581906712526,0.14768534461553595,0.018433,-0.09990722203232572,-0.3650142960487788,0.023028,0.06080707573244881,0.15065207615050213
TURBO,0.003673,0.03203146951390834,0.015201768933112092,0.001756,0.02450408401400228,-0.040437158469945444,0.001026,-0.05524861878453036,0.08000000000000007,0.000838,0.014527845036319542,-0.20719016083254493,0.001034,0.017716535433070835,0.10470085470085477
BABY,0.049199,-0.12105404198302805,0.14021182414424427,0.01701,0.03322602198870217,-0.0639960380784681,0.0145,0.06297192287955422,0.3022002694207453,0.013414,0.08729837075464042,-0.04492702029191875,0.013751,0.11887713588283155,0.1292600804795927
NEIRO,0.28104,-0.023793810135815607,-0.12353032901917971,0.12674,0.2241862262146237,0.04588215877207458,0.05728,-0.06725289040872828,-0.14135811722380465,0.06236,0.028533729176974942,-0.22176463247223266,0.09204,0.06564779437304602,0.1350351461339252
RESOLV,0.10667,-0.07492845373341428,-0.21710091743119275,0.07048,-0.06528917947561763,-0.10456104688095547,0.038919,-0.10481645045542365,-0.3308632635868163,0.021391,0.014416465120690392,-0.05766519823788552,,,
GRIFFAIN,0.032169,0.02182199352010672,0.09619709670823973,0.021092,0.32595712579367553,0.00764379896808709,0.011321,0.020093710578482638,0.345175855513308,0.008854,0.07791575359142922,-0.15028790786948176,,,
LUNC,,,,,,,,,,,,,,,
WCT,0.25348,-0.10202635680884231,-0.10642648147495326,0.084228,0.12117138103161396,-0.05660715485764212,0.05581,-0.10499222220440374,-0.036496098335750404,0.043668,0.021617069062324523,-0.19826684047221255,0.041993,0.026748820264554274,0.13722038671938486
PURR,0.19905,0.24851031800790335,0.1885710873589299,0.051092,-0.03040194329525181,-0.30274578306676125,0.074952,-0.11436707589417583,0.035892474604381164,0.083955,-0.08712813152400822,-0.39369538528201053,,,
BSV,26.906,0.10824614877667016,0.059499901555424284,17.769,-0.023037167363096578,-0.11807623585467542,13.994,-0.025894473061394918,-0.07496033844526706,13.92,0.26224156692056577,-0.043561907379414566,19.973,-0.09423608906625547,0.23925048085872058
SOPH,0.029043,-0.032125837304628924,0.016733765097146858,0.012581,-0.024577453868816823,-0.1772822390792571,0.008279,-0.08164170826400452,-0.10361628410567336,0.004819,-0.05786901270772227,-0.36214427531436133,,,
MEME,0.002445,0.041311754684838276,-0.030146767155890375,0.001072,0.14652406417112318,-0.09991603694374473,0.000523,-0.11505922165820648,-0.08885017421602781,0.000627,0.24404761904761885,0.1276978417266188,0.000596,0.010169491525423568,0.1755424063116371
BANANA,17.716,0.047230596441449446,-0.03037600569208032,6.9358,-0.014016831570567434,-0.1453111521873074,3.2952,-0.07085859297899344,-0.19976686580212732,2.7125,0.02242744063324542,-0.2532896547927105,4.086,0.03668747145684281,0.0960594436546045
